-- phpMyAdmin SQL Dump
-- version 5.0.2
-- https://www.phpmyadmin.net/
--
-- Anamakine: 127.0.0.1
-- Üretim Zamanı: 03 Eyl 2020, 16:46:38
-- Sunucu sürümü: 10.4.14-MariaDB
-- PHP Sürümü: 7.2.33

SET SQL_MODE = "NO_AUTO_VALUE_ON_ZERO";
START TRANSACTION;
SET time_zone = "+00:00";


/*!40101 SET @OLD_CHARACTER_SET_CLIENT=@@CHARACTER_SET_CLIENT */;
/*!40101 SET @OLD_CHARACTER_SET_RESULTS=@@CHARACTER_SET_RESULTS */;
/*!40101 SET @OLD_COLLATION_CONNECTION=@@COLLATION_CONNECTION */;
/*!40101 SET NAMES utf8mb4 */;

--
-- Veritabanı: `proje`
--

-- --------------------------------------------------------

--
-- Tablo için tablo yapısı `admin`
--

CREATE TABLE `admin` (
  `id` int(11) NOT NULL,
  `username` varchar(255) NOT NULL,
  `password` varchar(255) NOT NULL,
  `creationDate` timestamp NOT NULL DEFAULT current_timestamp(),
  `updationDate` varchar(255) NOT NULL
) ENGINE=InnoDB DEFAULT CHARSET=latin1;

--
-- Tablo döküm verisi `admin`
--

INSERT INTO `admin` (`id`, `username`, `password`, `creationDate`, `updationDate`) VALUES
(1, 'admin', 'f925916e2754e5e03f75dd58a5733251', '2017-01-24 16:21:18', '21-06-2018 08:27:55 PM');

-- --------------------------------------------------------

--
-- Tablo için tablo yapısı `category`
--

CREATE TABLE `category` (
  `id` int(11) NOT NULL,
  `userId` int(11) DEFAULT NULL,
  `categoryName` varchar(255) DEFAULT NULL,
  `categoryDescription` longtext DEFAULT NULL,
  `creationDate` timestamp NOT NULL DEFAULT current_timestamp(),
  `updationDate` varchar(255) DEFAULT NULL
) ENGINE=InnoDB DEFAULT CHARSET=latin1;

--
-- Tablo döküm verisi `category`
--

INSERT INTO `category` (`id`, `userId`, `categoryName`, `categoryDescription`, `creationDate`, `updationDate`) VALUES
(49, 14, 'Agriculture', '', '2020-06-20 12:33:28', NULL),
(55, 13, '\r\nTextile', '', '2020-07-07 12:27:28', '07-07-2020 06:39:58 PM'),
(56, 14, 'Automotive', '', '2020-07-07 13:18:38', NULL),
(57, 12, 'Chemical Products', '', '2020-07-07 13:35:38', NULL),
(58, 13, 'Electronic', '', '2020-08-28 13:43:16', NULL);

-- --------------------------------------------------------

--
-- Tablo için tablo yapısı `cuserlog`
--

CREATE TABLE `cuserlog` (
  `id` int(11) NOT NULL,
  `userEmail` varchar(255) DEFAULT NULL,
  `userip` binary(16) DEFAULT NULL,
  `loginTime` timestamp NULL DEFAULT current_timestamp(),
  `logout` varchar(255) DEFAULT NULL,
  `status` int(11) DEFAULT NULL
) ENGINE=InnoDB DEFAULT CHARSET=latin1;

--
-- Tablo döküm verisi `cuserlog`
--

INSERT INTO `cuserlog` (`id`, `userEmail`, `userip`, `loginTime`, `logout`, `status`) VALUES
(24, 'admin@gmail.com', 0x3a3a3100000000000000000000000000, '2020-06-09 12:53:23', NULL, 0),
(25, 'admin@gmail.com', 0x3a3a3100000000000000000000000000, '2020-06-09 12:53:40', '09-06-2020 06:25:29 PM', 1),
(26, 'admin@gmail.com', 0x3a3a3100000000000000000000000000, '2020-06-09 12:55:35', NULL, 1),
(27, 'admin@gmail.com', 0x3a3a3100000000000000000000000000, '2020-06-09 13:30:06', '09-06-2020 07:32:54 PM', 1),
(28, 'admin@gmail.com', 0x3a3a3100000000000000000000000000, '2020-06-09 14:03:40', NULL, 1),
(29, 'admin@gmail.com', 0x3a3a3100000000000000000000000000, '2020-06-09 14:07:40', '09-06-2020 07:38:25 PM', 1),
(30, 'admin@gmail.com', 0x3a3a3100000000000000000000000000, '2020-06-09 14:08:27', '09-06-2020 07:39:13 PM', 1),
(31, 'admin@gmail.com', 0x3a3a3100000000000000000000000000, '2020-06-09 14:09:14', NULL, 1),
(32, 'admin@gmail.com', 0x3a3a3100000000000000000000000000, '2020-06-09 14:34:35', '09-06-2020 08:28:26 PM', 1),
(33, 'admin@gmail.com', 0x3a3a3100000000000000000000000000, '2020-06-09 17:40:12', '09-06-2020 11:23:27 PM', 1),
(34, 'admin@gmail.com', 0x3a3a3100000000000000000000000000, '2020-06-09 18:05:29', NULL, 1),
(35, 'admin@gmail.com', 0x3a3a3100000000000000000000000000, '2020-06-09 18:17:13', '09-06-2020 11:51:27 PM', 1),
(36, 'admin@gmail.com', 0x3a3a3100000000000000000000000000, '2020-06-09 18:21:31', NULL, 1),
(37, 'admin@gmail.com', 0x3a3a3100000000000000000000000000, '2020-06-09 18:32:34', NULL, 1),
(38, 'admin@gmail.com', 0x3a3a3100000000000000000000000000, '2020-06-09 18:33:52', NULL, 1),
(39, 'admin@gmail.com', 0x3a3a3100000000000000000000000000, '2020-06-09 18:39:53', NULL, 1),
(40, 'admin@gmail.com', 0x3a3a3100000000000000000000000000, '2020-06-09 18:40:00', NULL, 1),
(41, 'admin@gmail.com', 0x3a3a3100000000000000000000000000, '2020-06-09 18:40:03', NULL, 1),
(42, 'admin@gmail.com', 0x3a3a3100000000000000000000000000, '2020-06-09 18:40:36', '10-06-2020 12:13:46 AM', 1),
(43, 'admin@gmail.com', 0x3a3a3100000000000000000000000000, '2020-06-09 18:43:47', '10-06-2020 12:18:26 AM', 1),
(44, 'admin@gmail.com', 0x3a3a3100000000000000000000000000, '2020-06-09 18:48:27', '10-06-2020 12:45:51 AM', 1),
(45, 'admin@gmail.com', 0x3a3a3100000000000000000000000000, '2020-06-10 06:40:45', NULL, 1),
(46, 'admin@gmail.com', 0x3a3a3100000000000000000000000000, '2020-06-10 06:41:40', '10-06-2020 12:17:54 PM', 1),
(47, 'admin@gmail.com', 0x3a3a3100000000000000000000000000, '2020-06-10 06:48:31', NULL, 1),
(48, 'admin@gmail.com', 0x3a3a3100000000000000000000000000, '2020-06-10 06:48:37', NULL, 1),
(49, 'admin@gmail.com', 0x3a3a3100000000000000000000000000, '2020-06-10 06:48:44', NULL, 1),
(50, 'admin@gmail.com', 0x3a3a3100000000000000000000000000, '2020-06-10 06:52:09', '10-06-2020 12:22:21 PM', 1),
(51, 'admin@gmail.com', 0x3a3a3100000000000000000000000000, '2020-06-10 06:52:37', '10-06-2020 12:27:06 PM', 1),
(52, 'admin@gmail.com', 0x3a3a3100000000000000000000000000, '2020-06-10 06:57:07', '10-06-2020 12:34:01 PM', 1),
(53, 'admin@gmail.com', 0x3a3a3100000000000000000000000000, '2020-06-10 07:04:05', NULL, 1),
(54, 'admin@gmail.com', 0x3a3a3100000000000000000000000000, '2020-06-10 07:37:53', NULL, 1),
(55, 'admin@gmail.com', 0x3a3a3100000000000000000000000000, '2020-06-10 09:26:49', NULL, 1),
(56, 'admines@gmail.com', 0x3a3a3100000000000000000000000000, '2020-06-10 09:29:44', '10-06-2020 03:13:34 PM', 1),
(57, 'admin@gmail.com', 0x3a3a3100000000000000000000000000, '2020-06-10 09:44:55', '10-06-2020 03:14:56 PM', 1),
(58, 'admin@gmail.com', 0x3a3a3100000000000000000000000000, '2020-06-10 09:45:09', '10-06-2020 03:15:10 PM', 1),
(59, 'admin@gmail.com', 0x3a3a3100000000000000000000000000, '2020-06-10 09:45:46', '10-06-2020 03:15:47 PM', 1),
(60, 'admin@gmail.com', 0x3a3a3100000000000000000000000000, '2020-06-10 09:45:58', '10-06-2020 03:17:29 PM', 1),
(61, 'admin@gmail.com', 0x3a3a3100000000000000000000000000, '2020-06-10 09:47:40', '10-06-2020 03:17:45 PM', 1),
(62, 'admin@gmail.com', 0x3a3a3100000000000000000000000000, '2020-06-10 09:47:49', NULL, 1),
(63, 'admin@gmail.com', 0x3a3a3100000000000000000000000000, '2020-06-10 09:50:05', '10-06-2020 03:20:06 PM', 1),
(64, 'admines@gmail.com', 0x3a3a3100000000000000000000000000, '2020-06-10 09:50:21', NULL, 1),
(65, 'admin@gmail.com', 0x3a3a3100000000000000000000000000, '2020-06-10 09:50:47', '10-06-2020 03:46:13 PM', 1),
(66, 'admin@gmail.com', 0x3a3a3100000000000000000000000000, '2020-06-10 10:18:07', NULL, 1),
(67, 'admin@gmail.com', 0x3a3a3100000000000000000000000000, '2020-06-10 10:24:24', '10-06-2020 04:10:17 PM', 1),
(68, 'admin@gmail.com', 0x3a3a3100000000000000000000000000, '2020-06-10 10:45:05', '10-06-2020 04:15:06 PM', 1),
(69, 'admin@gmail.com', 0x3a3a3100000000000000000000000000, '2020-06-10 10:48:14', '10-06-2020 05:29:19 PM', 1),
(70, 'admin@gmail.com', 0x3a3a3100000000000000000000000000, '2020-06-10 12:00:40', '10-06-2020 05:40:31 PM', 1),
(71, 'admines@gmail.com', 0x3a3a3100000000000000000000000000, '2020-06-10 12:03:46', NULL, 1),
(72, 'admin123@gmail.com', 0x3a3a3100000000000000000000000000, '2020-06-10 12:13:31', '10-06-2020 05:44:44 PM', 1),
(73, 'admin@gmail.com', 0x3a3a3100000000000000000000000000, '2020-06-10 12:15:56', NULL, 1),
(74, 'admin1234@gmail.com', 0x3a3a3100000000000000000000000000, '2020-06-10 12:18:33', '10-06-2020 05:49:14 PM', 1),
(75, 'admin1@gmail.com', 0x3a3a3100000000000000000000000000, '2020-06-11 06:52:47', NULL, 0),
(76, 'admin@gmail.com', 0x3a3a3100000000000000000000000000, '2020-06-11 06:58:28', '11-06-2020 12:29:42 PM', 1),
(77, 'admin1@gmail.com', 0x3a3a3100000000000000000000000000, '2020-06-11 07:00:03', '11-06-2020 12:32:16 PM', 1),
(78, 'admin@gmail.com', 0x3a3a3100000000000000000000000000, '2020-06-11 07:09:23', '11-06-2020 12:56:45 PM', 1),
(79, 'admin@gmail.com', 0x3a3a3100000000000000000000000000, '2020-06-11 07:26:47', NULL, 1),
(80, 'admin@gmail.com', 0x3a3a3100000000000000000000000000, '2020-06-11 09:53:58', NULL, 1),
(81, 'admin@gmail.com', 0x3a3a3100000000000000000000000000, '2020-06-11 11:45:18', NULL, 1),
(82, 'admin@gmail.com', 0x3a3a3100000000000000000000000000, '2020-06-11 17:40:56', NULL, 1),
(83, 'admin@gmail.com', 0x3a3a3100000000000000000000000000, '2020-06-12 17:28:43', NULL, 1),
(84, 'admin@gmail.com', 0x3a3a3100000000000000000000000000, '2020-06-12 17:32:36', NULL, 1),
(85, 'admin@gmail.com', 0x3a3a3100000000000000000000000000, '2020-06-12 17:47:37', NULL, 1),
(86, 'admin@gmail.com', 0x3a3a3100000000000000000000000000, '2020-06-12 17:50:51', NULL, 1),
(87, 'admin@gmail.com', 0x3a3a3100000000000000000000000000, '2020-06-12 17:54:41', NULL, 1),
(88, 'admin@gmail.com', 0x3a3a3100000000000000000000000000, '2020-06-12 18:00:04', NULL, 1),
(89, 'admin@gmail.com', 0x3a3a3100000000000000000000000000, '2020-06-12 18:03:51', NULL, 1),
(90, 'admin@gmail.com', 0x3a3a3100000000000000000000000000, '2020-06-13 06:26:01', NULL, 1),
(91, 'admin@gmail.com', 0x3a3a3100000000000000000000000000, '2020-06-13 06:29:47', NULL, 1),
(92, 'admin@gmail.com', 0x3a3a3100000000000000000000000000, '2020-06-13 06:30:32', NULL, 1),
(93, 'admin@gmail.com', 0x3a3a3100000000000000000000000000, '2020-06-13 06:30:40', NULL, 1),
(94, 'admin@gmail.com', 0x3a3a3100000000000000000000000000, '2020-06-13 06:32:19', NULL, 1),
(95, 'admin@gmail.com', 0x3a3a3100000000000000000000000000, '2020-06-13 06:32:31', NULL, 1),
(96, 'admin@gmail.com', 0x3a3a3100000000000000000000000000, '2020-06-13 06:34:04', NULL, 1),
(97, 'admin@gmail.com', 0x3a3a3100000000000000000000000000, '2020-06-13 06:34:13', NULL, 1),
(98, 'admin@gmail.com', 0x3a3a3100000000000000000000000000, '2020-06-13 06:42:49', NULL, 1),
(99, 'admin@gmail.com', 0x3a3a3100000000000000000000000000, '2020-06-13 07:03:47', NULL, 1),
(100, 'admin@gmail.com', 0x3a3a3100000000000000000000000000, '2020-06-13 07:06:35', NULL, 1),
(101, 'admin@gmail.com', 0x3a3a3100000000000000000000000000, '2020-06-14 13:38:47', NULL, 1),
(102, 'admin@gmail.com', 0x3a3a3100000000000000000000000000, '2020-06-14 13:39:19', NULL, 1),
(103, 'admin1@gmail.com', 0x3a3a3100000000000000000000000000, '2020-06-14 13:50:01', NULL, 1),
(104, 'admin1@gmail.com', 0x3a3a3100000000000000000000000000, '2020-06-14 14:39:45', NULL, 1),
(105, 'admin1@gmail.com', 0x3a3a3100000000000000000000000000, '2020-06-15 16:35:44', NULL, 1),
(106, 'admin1@gmail.com', 0x3a3a3100000000000000000000000000, '2020-06-15 16:48:20', NULL, 1),
(107, 'admin@gmail.com', 0x3a3a3100000000000000000000000000, '2020-06-15 16:48:25', NULL, 1),
(108, 'admin@gmail.com', 0x3a3a3100000000000000000000000000, '2020-06-15 17:10:35', '15-06-2020 10:40:41 PM', 1),
(109, 'admin@gmail.com', 0x3a3a3100000000000000000000000000, '2020-06-15 17:13:10', NULL, 1),
(110, 'admin@gmail.com', 0x3a3a3100000000000000000000000000, '2020-06-15 17:25:04', NULL, 1),
(111, 'admin@gmail.com', 0x3a3a3100000000000000000000000000, '2020-06-15 17:25:24', '15-06-2020 10:55:25 PM', 1),
(112, 'admin@gmail.com', 0x3a3a3100000000000000000000000000, '2020-06-15 17:26:23', NULL, 1),
(113, 'admin@gmail.com', 0x3a3a3100000000000000000000000000, '2020-06-15 17:27:03', NULL, 1),
(114, 'admin@gmail.com', 0x3a3a3100000000000000000000000000, '2020-06-15 17:27:19', '15-06-2020 10:57:20 PM', 1),
(115, 'admin@gmail.com', 0x3a3a3100000000000000000000000000, '2020-06-15 17:27:32', '15-06-2020 11:00:13 PM', 1),
(116, 'admin@gmail.com', 0x3a3a3100000000000000000000000000, '2020-06-15 17:30:22', NULL, 1),
(117, 'admin@gmail.com', 0x3a3a3100000000000000000000000000, '2020-06-15 17:38:54', '15-06-2020 11:08:55 PM', 1),
(118, 'admin@gmail.com', 0x3a3a3100000000000000000000000000, '2020-06-15 17:38:58', '15-06-2020 11:12:37 PM', 1),
(119, 'admin@gmail.com', 0x3a3a3100000000000000000000000000, '2020-06-15 17:42:52', '15-06-2020 11:12:53 PM', 1),
(120, 'admin@gmail.com', 0x3a3a3100000000000000000000000000, '2020-06-15 17:42:55', NULL, 1),
(121, 'admin@gmail.com', 0x3a3a3100000000000000000000000000, '2020-06-15 17:43:05', '15-06-2020 11:13:17 PM', 1),
(122, 'admin@gmail.com', 0x3a3a3100000000000000000000000000, '2020-06-15 17:51:59', NULL, 1),
(123, 'admin@gmail.com', 0x3a3a3100000000000000000000000000, '2020-06-15 17:57:11', NULL, 1),
(124, 'admin@gmail.com', 0x3a3a3100000000000000000000000000, '2020-06-15 17:57:15', NULL, 1),
(125, 'admin@gmail.com', 0x3a3a3100000000000000000000000000, '2020-06-16 16:31:17', NULL, 1),
(126, 'admin@gmail.com', 0x3a3a3100000000000000000000000000, '2020-06-16 16:31:43', '16-06-2020 10:01:49 PM', 1),
(127, 'admin@gmail.com', 0x3a3a3100000000000000000000000000, '2020-06-16 16:31:51', '16-06-2020 10:02:03 PM', 1),
(128, 'admin@gmail.com', 0x3a3a3100000000000000000000000000, '2020-06-16 16:32:13', '16-06-2020 10:02:58 PM', 1),
(129, 'admin@gmail.com', 0x3a3a3100000000000000000000000000, '2020-06-16 16:33:20', '16-06-2020 10:11:04 PM', 1),
(130, 'admin@gmail.com', 0x3a3a3100000000000000000000000000, '2020-06-16 16:47:40', '16-06-2020 10:17:58 PM', 1),
(131, 'admin@gmail.com', 0x3a3a3100000000000000000000000000, '2020-06-16 16:48:03', '17-06-2020 12:22:09 AM', 1),
(132, 'admin@gmail.com', 0x3a3a3100000000000000000000000000, '2020-06-16 18:52:27', '17-06-2020 12:22:28 AM', 1),
(133, 'admin@gmail.com', 0x3a3a3100000000000000000000000000, '2020-06-16 19:00:01', '17-06-2020 12:30:02 AM', 1),
(134, 'admin@gmail.com', 0x3a3a3100000000000000000000000000, '2020-06-16 19:02:45', '17-06-2020 12:32:46 AM', 1),
(135, 'admin@gmail.com', 0x3a3a3100000000000000000000000000, '2020-06-16 19:04:15', '17-06-2020 12:34:16 AM', 1),
(136, 'admin@gmail.com', 0x3a3a3100000000000000000000000000, '2020-06-16 19:04:17', NULL, 1),
(137, 'admin@gmail.com', 0x3a3a3100000000000000000000000000, '2020-06-16 19:05:23', NULL, 1),
(138, 'admin@gmail.com', 0x3a3a3100000000000000000000000000, '2020-06-16 19:05:39', '17-06-2020 12:35:41 AM', 1),
(139, 'admin@gmail.com', 0x3a3a3100000000000000000000000000, '2020-06-16 19:05:46', '17-06-2020 12:36:43 AM', 1),
(140, 'admin@gmail.com', 0x3a3a3100000000000000000000000000, '2020-06-16 19:06:46', '17-06-2020 12:42:40 AM', 1),
(141, 'admin@gmail.com', 0x3a3a3100000000000000000000000000, '2020-06-16 19:12:41', '17-06-2020 12:42:43 AM', 1),
(142, 'admin@gmail.com', 0x3a3a3100000000000000000000000000, '2020-06-16 19:12:46', '17-06-2020 12:48:52 AM', 1),
(143, 'admin@gmail.com', 0x3a3a3100000000000000000000000000, '2020-06-16 19:18:55', '17-06-2020 01:02:42 AM', 1),
(144, 'admin@gmail.com', 0x3a3a3100000000000000000000000000, '2020-06-20 07:12:41', '20-06-2020 12:45:00 PM', 1),
(145, 'admin@gmail.com', 0x3a3a3100000000000000000000000000, '2020-06-20 07:32:18', '20-06-2020 06:13:59 PM', 1),
(146, 'admin@gmail.com', 0x3a3a3100000000000000000000000000, '2020-06-20 12:49:21', '20-06-2020 06:19:27 PM', 1),
(147, 'admin@gmail.com', 0x3a3a3100000000000000000000000000, '2020-06-20 12:50:06', '20-06-2020 06:20:07 PM', 1),
(148, 'admin@gmail.com', 0x3a3a3100000000000000000000000000, '2020-06-20 12:50:19', '20-06-2020 06:20:21 PM', 1),
(149, 'admin@gmail.com', 0x3a3a3100000000000000000000000000, '2020-06-20 13:50:32', '20-06-2020 07:20:33 PM', 1),
(150, 'admin@gmail.com', 0x3a3a3100000000000000000000000000, '2020-06-20 13:50:35', '20-06-2020 07:20:40 PM', 1),
(151, 'admin@gmail.com', 0x3a3a3100000000000000000000000000, '2020-06-20 13:50:48', '20-06-2020 07:21:07 PM', 1),
(152, 'admin@gmail.com', 0x3a3a3100000000000000000000000000, '2020-06-20 13:53:00', '20-06-2020 07:23:42 PM', 1),
(153, 'admin@gmail.com', 0x3a3a3100000000000000000000000000, '2020-06-20 13:53:45', '20-06-2020 07:28:24 PM', 1),
(154, 'admin@gmail.com', 0x3a3a3100000000000000000000000000, '2020-06-20 14:47:48', NULL, 1),
(155, 'admin@gmail.com', 0x3a3a3100000000000000000000000000, '2020-06-21 09:05:12', '21-06-2020 02:35:14 PM', 1),
(156, 'admin@gmail.com', 0x3a3a3100000000000000000000000000, '2020-06-21 09:05:16', NULL, 1),
(157, 'admin@gmail.com', 0x3a3a3100000000000000000000000000, '2020-06-22 06:24:15', NULL, 1),
(158, 'admin@gmail.com', 0x3a3a3100000000000000000000000000, '2020-06-22 18:43:07', '23-06-2020 12:17:34 AM', 1),
(159, 'admin@gmail.com', 0x3a3a3100000000000000000000000000, '2020-06-23 17:02:09', NULL, 1),
(160, 'admin@gmail.com', 0x3a3a3100000000000000000000000000, '2020-06-23 18:59:36', NULL, 1),
(161, 'admin@gmail.com', 0x3a3a3100000000000000000000000000, '2020-06-23 19:35:15', NULL, 1),
(162, 'admin@gmail.com', 0x3a3a3100000000000000000000000000, '2020-06-29 09:57:04', '29-06-2020 03:27:06 PM', 1),
(163, 'admin@gmail.com', 0x3a3a3100000000000000000000000000, '2020-06-29 09:57:09', '29-06-2020 03:32:22 PM', 1),
(164, 'admin@gmail.com', 0x3a3a3100000000000000000000000000, '2020-06-29 10:02:27', NULL, 1),
(165, 'admin@gmail.com', 0x3a3a3100000000000000000000000000, '2020-07-01 11:34:01', '01-07-2020 05:04:02 PM', 1),
(166, 'admin@gmail.com', 0x3a3a3100000000000000000000000000, '2020-07-01 11:46:50', '01-07-2020 05:16:52 PM', 1),
(167, 'admin@gmail.com', 0x3a3a3100000000000000000000000000, '2020-07-01 11:48:44', '01-07-2020 05:18:48 PM', 1),
(168, 'admin@gmail.com', 0x3a3a3100000000000000000000000000, '2020-07-01 11:50:23', '01-07-2020 05:20:25 PM', 1),
(169, 'admin@gmail.com', 0x3a3a3100000000000000000000000000, '2020-07-01 14:46:15', NULL, 1),
(170, 'admin@gmail.com', 0x3a3a3100000000000000000000000000, '2020-07-02 14:02:37', '02-07-2020 07:32:38 PM', 1),
(171, 'admin@gmail.com', 0x3a3a3100000000000000000000000000, '2020-07-02 14:02:39', NULL, 1),
(172, 'admin@gmail.com', 0x3a3a3100000000000000000000000000, '2020-07-03 06:56:48', NULL, 1),
(173, 'admin@gmail.com', 0x3a3a3100000000000000000000000000, '2020-07-06 12:54:38', '06-07-2020 06:24:40 PM', 1),
(174, 'admin@gmail.com', 0x3a3a3100000000000000000000000000, '2020-07-06 12:55:11', NULL, 1),
(175, 'admin@gmail.com', 0x3a3a3100000000000000000000000000, '2020-07-07 10:11:29', '07-07-2020 05:49:27 PM', 1),
(176, 'admin1@gmail.com', 0x3a3a3100000000000000000000000000, '2020-07-07 12:19:32', '07-07-2020 05:52:19 PM', 1),
(177, 'adminbbb@gmail.com', 0x3a3a3100000000000000000000000000, '2020-07-07 12:22:25', '07-07-2020 05:57:10 PM', 1),
(178, 'admin@gmail.com', 0x3a3a3100000000000000000000000000, '2020-07-07 12:27:16', '07-07-2020 06:48:12 PM', 1),
(179, 'admin1@gmail.com', 0x3a3a3100000000000000000000000000, '2020-07-07 13:18:19', '07-07-2020 06:58:18 PM', 1),
(180, 'admin@gmail.com', 0x3a3a3100000000000000000000000000, '2020-07-07 13:28:23', '07-07-2020 07:04:46 PM', 1),
(181, 'adminbbb@gmail.com', 0x3a3a3100000000000000000000000000, '2020-07-07 13:34:55', NULL, 1),
(182, 'admin@gmail.com', 0x3a3a3100000000000000000000000000, '2020-07-08 08:55:31', '08-07-2020 02:28:55 PM', 1),
(183, 'admin@gmail.com', 0x3a3a3100000000000000000000000000, '2020-07-08 08:58:57', '08-07-2020 02:29:01 PM', 1),
(184, 'admin1@gmail.com', 0x3a3a3100000000000000000000000000, '2020-07-08 08:59:05', '08-07-2020 02:29:08 PM', 1),
(185, 'admin@gmail.com', 0x3a3a3100000000000000000000000000, '2020-07-08 08:59:13', '08-07-2020 02:29:31 PM', 1),
(186, 'admin@gmail.com', 0x3a3a3100000000000000000000000000, '2020-07-08 08:59:32', NULL, 1),
(187, 'admin@gmail.com', 0x3a3a3100000000000000000000000000, '2020-08-25 16:07:43', '25-08-2020 10:02:50 PM', 1),
(188, 'admin@gmail.com', 0x3a3a3100000000000000000000000000, '2020-08-27 06:38:37', NULL, 1),
(189, 'admin@gmail.com', 0x3a3a3100000000000000000000000000, '2020-08-27 08:45:24', NULL, 1),
(190, 'admin@gmail.com', 0x3a3a3100000000000000000000000000, '2020-08-27 09:02:14', NULL, 1),
(191, 'admin@gmail.com', 0x3a3a3100000000000000000000000000, '2020-08-28 12:32:45', NULL, 1),
(192, 'admin@gmail.com', 0x3a3a3100000000000000000000000000, '2020-08-28 13:41:52', '28-08-2020 07:37:42 PM', 1),
(193, 'admin@gmail.com', 0x3a3a3100000000000000000000000000, '2020-08-28 14:09:22', '28-08-2020 07:39:33 PM', 1),
(194, 'admin@gmail.com', 0x3a3a3100000000000000000000000000, '2020-08-28 14:09:34', '28-08-2020 07:39:49 PM', 1),
(195, 'adminbbb@gmail.com', 0x3a3a3100000000000000000000000000, '2020-08-28 14:09:58', '28-08-2020 07:54:08 PM', 1),
(196, 'admin@gmail.com1', 0x3a3a3100000000000000000000000000, '2020-08-28 14:24:12', NULL, 0),
(197, 'admin1@gmail.com', 0x3a3a3100000000000000000000000000, '2020-08-28 14:24:16', '28-08-2020 07:58:58 PM', 1),
(198, 'admin@gmail.com', 0x3a3a3100000000000000000000000000, '2020-08-28 14:29:05', '28-08-2020 08:00:14 PM', 1),
(199, 'admin1@gmail.com', 0x3a3a3100000000000000000000000000, '2020-08-28 14:30:19', '28-08-2020 08:00:29 PM', 1),
(200, 'adminbbb@gmail.com', 0x3a3a3100000000000000000000000000, '2020-08-28 14:30:40', '28-08-2020 08:02:41 PM', 1),
(201, 'admin@gmail.com', 0x3a3a3100000000000000000000000000, '2020-08-28 14:32:46', '28-08-2020 08:03:07 PM', 1),
(202, 'admin123@gmail.com', 0x3a3a3100000000000000000000000000, '2020-08-28 14:33:18', NULL, 0),
(203, 'admin@gmail.com', 0x3a3a3100000000000000000000000000, '2020-08-28 14:38:27', '28-08-2020 08:25:41 PM', 1),
(204, 'admin@gmail.com', 0x3a3a3100000000000000000000000000, '2020-08-31 09:33:06', '02-09-2020 04:32:20 PM', 1);

-- --------------------------------------------------------

--
-- Tablo için tablo yapısı `cusers`
--

CREATE TABLE `cusers` (
  `id` int(11) NOT NULL,
  `name` varchar(255) DEFAULT NULL,
  `email` varchar(255) DEFAULT NULL,
  `usersCredit` int(11) DEFAULT NULL,
  `contactno` bigint(11) DEFAULT NULL,
  `password` varchar(255) DEFAULT NULL,
  `shippingAddress` longtext DEFAULT NULL,
  `shippingState` varchar(255) DEFAULT NULL,
  `shippingCity` varchar(255) DEFAULT NULL,
  `shippingPincode` int(11) DEFAULT NULL,
  `billingAddress` longtext DEFAULT NULL,
  `billingState` varchar(255) DEFAULT NULL,
  `billingCity` varchar(255) DEFAULT NULL,
  `billingPincode` int(11) DEFAULT NULL,
  `regDate` timestamp NOT NULL DEFAULT current_timestamp(),
  `updationDate` varchar(255) DEFAULT NULL
) ENGINE=InnoDB DEFAULT CHARSET=latin1;

--
-- Tablo döküm verisi `cusers`
--

INSERT INTO `cusers` (`id`, `name`, `email`, `usersCredit`, `contactno`, `password`, `shippingAddress`, `shippingState`, `shippingCity`, `shippingPincode`, `billingAddress`, `billingState`, `billingCity`, `billingPincode`, `regDate`, `updationDate`) VALUES
(12, 'es yu', 'adminbbb@gmail.com', 2, 5432134567, 'c4ca4238a0b923820dcc509a6f75849b', NULL, NULL, NULL, NULL, NULL, NULL, NULL, NULL, '2020-06-11 07:09:20', NULL),
(13, 'esma', 'admin@gmail.com', 2, 5432134567, 'c4ca4238a0b923820dcc509a6f75849b', NULL, NULL, NULL, NULL, NULL, NULL, NULL, NULL, '2020-06-12 16:45:51', NULL),
(14, 'es yu', 'admin1@gmail.com', 2, 5432134567, 'c4ca4238a0b923820dcc509a6f75849b', NULL, NULL, NULL, NULL, NULL, NULL, NULL, NULL, '2020-06-14 13:49:56', NULL);

-- --------------------------------------------------------

--
-- Tablo için tablo yapısı `productreviews`
--

CREATE TABLE `productreviews` (
  `id` int(11) NOT NULL,
  `productId` int(11) DEFAULT NULL,
  `quality` int(11) DEFAULT NULL,
  `price` int(11) DEFAULT NULL,
  `value` int(11) DEFAULT NULL,
  `name` varchar(255) DEFAULT NULL,
  `summary` varchar(255) DEFAULT NULL,
  `review` longtext DEFAULT NULL,
  `reviewDate` timestamp NOT NULL DEFAULT current_timestamp()
) ENGINE=InnoDB DEFAULT CHARSET=latin1;

--
-- Tablo döküm verisi `productreviews`
--

INSERT INTO `productreviews` (`id`, `productId`, `quality`, `price`, `value`, `name`, `summary`, `review`, `reviewDate`) VALUES
(6, 107, 3, 1, 4, 'es', 'yu', 'j', '2020-06-29 12:47:28'),
(7, 117, 5, 0, 0, 'es', 'yu', ':))', '2020-09-02 05:53:07');

-- --------------------------------------------------------

--
-- Tablo için tablo yapısı `products`
--

CREATE TABLE `products` (
  `id` int(11) NOT NULL,
  `userId` int(11) NOT NULL,
  `category` int(11) NOT NULL,
  `subCategory` int(11) DEFAULT NULL,
  `productName` varchar(255) DEFAULT NULL,
  `productCompany` varchar(255) DEFAULT NULL,
  `productPrice` int(11) DEFAULT NULL,
  `productPriceBeforeDiscount` int(11) DEFAULT NULL,
  `productDescription` longtext DEFAULT NULL,
  `productImage1` varchar(255) DEFAULT NULL,
  `productImage2` varchar(255) DEFAULT NULL,
  `productImage3` varchar(255) DEFAULT NULL,
  `shippingCharge` int(11) DEFAULT NULL,
  `productAvailability` varchar(255) DEFAULT NULL,
  `postingDate` timestamp NULL DEFAULT current_timestamp(),
  `updationDate` varchar(255) DEFAULT NULL
) ENGINE=InnoDB DEFAULT CHARSET=latin1;

--
-- Tablo döküm verisi `products`
--

INSERT INTO `products` (`id`, `userId`, `category`, `subCategory`, `productName`, `productCompany`, `productPrice`, `productPriceBeforeDiscount`, `productDescription`, `productImage1`, `productImage2`, `productImage3`, `shippingCharge`, `productAvailability`, `postingDate`, `updationDate`) VALUES
(106, 12, 49, 43, 'Wheat', 'Germany', 45, NULL, '<br>', '3.jfif', '2.jfif', '1.jfif', 1000, 'In Stock', '2020-06-20 12:34:13', NULL),
(108, 12, 49, 43, 'Barley', 'Austria', 45, NULL, '<br>', '1.jfif', '2.jfif', 'images (1).jfif', 100, 'In Stock', '2020-06-23 17:35:26', NULL),
(109, 12, 49, 43, 'Chickpea', 'Canada', 25, NULL, '<br>', '1.jfif', '2.jfif', '3.jfif', 3, 'In Stock', '2020-06-23 17:36:55', NULL),
(115, 14, 56, 48, 'Car', 'Italy', 70, NULL, '<br>', '1.jpg', '2.jfif', '3.jpg', 1000, 'In Stock', '2020-07-07 13:27:08', NULL),
(116, 12, 57, 49, ' Paint', 'Turkey', 45, NULL, '<br>', '1.jfif', '2.jfif', '3.jfif', 5, 'In Stock', '2020-07-07 13:37:13', NULL),
(117, 13, 58, 50, 'Computer', 'France', 2000, NULL, '<br>', 'v2-93208-4_large.jpg', '10138530185266.jpg', 'images.jfif', 1, 'In Stock', '2020-08-28 13:48:07', NULL);

-- --------------------------------------------------------

--
-- Tablo için tablo yapısı `subcategory`
--

CREATE TABLE `subcategory` (
  `id` int(11) NOT NULL,
  `userId` int(11) NOT NULL,
  `categoryid` int(11) DEFAULT NULL,
  `subcategory` varchar(255) DEFAULT NULL,
  `creationDate` timestamp NULL DEFAULT current_timestamp(),
  `updationDate` varchar(255) DEFAULT NULL
) ENGINE=InnoDB DEFAULT CHARSET=latin1;

--
-- Tablo döküm verisi `subcategory`
--

INSERT INTO `subcategory` (`id`, `userId`, `categoryid`, `subcategory`, `creationDate`, `updationDate`) VALUES
(43, 2, 49, 'Agriculture1', '2020-06-20 12:33:35', NULL),
(44, 3, 57, 'Chemical Products2', '2020-06-20 12:40:22', NULL),
(45, 1, 55, 'Textile2', '2020-06-29 09:57:54', NULL),
(47, 13, 55, 'Textile1', '2020-07-07 13:07:06', NULL),
(48, 14, 56, 'Automotive1', '2020-07-07 13:20:34', NULL),
(49, 12, 57, 'Chemical Products1', '2020-07-07 13:35:46', NULL),
(50, 13, 58, 'Electronic1', '2020-08-28 13:43:38', NULL);

-- --------------------------------------------------------

--
-- Tablo için tablo yapısı `userlog`
--

CREATE TABLE `userlog` (
  `id` int(11) NOT NULL,
  `userEmail` varchar(255) DEFAULT NULL,
  `userip` binary(16) DEFAULT NULL,
  `loginTime` timestamp NULL DEFAULT current_timestamp(),
  `logout` varchar(255) DEFAULT NULL,
  `status` int(11) DEFAULT NULL
) ENGINE=InnoDB DEFAULT CHARSET=latin1;

--
-- Tablo döküm verisi `userlog`
--

INSERT INTO `userlog` (`id`, `userEmail`, `userip`, `loginTime`, `logout`, `status`) VALUES
(24, 'admin@gmail.com', 0x3a3a3100000000000000000000000000, '2020-06-08 09:02:11', NULL, 0),
(25, 'admin@gmail.com', 0x3a3a3100000000000000000000000000, '2020-06-08 09:02:42', NULL, 1),
(26, 'admin@gmail.com', 0x3a3a3100000000000000000000000000, '2020-06-09 07:04:26', '09-06-2020 12:36:44 PM', 1),
(27, 'admin@gmail.com', 0x3a3a3100000000000000000000000000, '2020-06-09 07:13:58', NULL, 1),
(28, 'admin@gmail.com', 0x3a3a3100000000000000000000000000, '2020-06-09 07:14:27', '09-06-2020 12:44:31 PM', 1),
(29, 'admin@gmail.com', 0x3a3a3100000000000000000000000000, '2020-06-09 07:15:13', '09-06-2020 12:49:40 PM', 1),
(30, 'admin@gmail.com', 0x3a3a3100000000000000000000000000, '2020-06-09 07:20:14', NULL, 1),
(31, 'admin@gmail.com', 0x3a3a3100000000000000000000000000, '2020-06-09 08:01:05', NULL, 1),
(32, 'admin@gmail.com', 0x3a3a3100000000000000000000000000, '2020-06-09 08:02:43', NULL, 1),
(33, 'admin@gmail.com', 0x3a3a3100000000000000000000000000, '2020-06-09 08:13:41', NULL, 1),
(34, 'admin@gmail.com', 0x3a3a3100000000000000000000000000, '2020-06-09 08:48:04', NULL, 1),
(35, 'admin@gmail.com', 0x3a3a3100000000000000000000000000, '2020-06-09 08:49:18', NULL, 1),
(36, 'admin@gmail.com', 0x3a3a3100000000000000000000000000, '2020-06-09 08:51:18', NULL, 1),
(37, 'admin11@gmail.com', 0x3a3a3100000000000000000000000000, '2020-06-09 08:56:46', NULL, 0),
(38, 'admin1@gmail.com', 0x3a3a3100000000000000000000000000, '2020-06-09 08:56:50', NULL, 0),
(39, 'admin22@gmail.com', 0x3a3a3100000000000000000000000000, '2020-06-09 08:57:27', NULL, 1),
(40, 'admin@gmail.com', 0x3a3a3100000000000000000000000000, '2020-06-09 09:13:50', NULL, 1),
(41, 'admin@gmail.com', 0x3a3a3100000000000000000000000000, '2020-06-09 09:15:58', NULL, 1),
(42, 'admin@gmail.com', 0x3a3a3100000000000000000000000000, '2020-06-09 09:23:36', NULL, 1),
(43, 'admin@gmail.com', 0x3a3a3100000000000000000000000000, '2020-06-09 10:37:35', NULL, 1),
(44, 'admin1@gmail.com', 0x3a3a3100000000000000000000000000, '2020-06-09 10:45:16', NULL, 1),
(45, 'admin@gmail.com', 0x3a3a3100000000000000000000000000, '2020-06-09 12:05:55', NULL, 1),
(46, 'admin@gmail.com', 0x3a3a3100000000000000000000000000, '2020-06-09 12:06:25', NULL, 1),
(47, 'admin1@gmail.com', 0x3a3a3100000000000000000000000000, '2020-06-09 12:06:31', NULL, 1),
(48, 'admin22@gmail.com', 0x3a3a3100000000000000000000000000, '2020-06-09 12:06:35', NULL, 1),
(49, 'admin1@gmail.com', 0x3a3a3100000000000000000000000000, '2020-06-09 12:08:23', NULL, 1),
(50, 'admin@gmail.com', 0x3a3a3100000000000000000000000000, '2020-06-09 12:08:39', NULL, 1),
(51, 'admin22@gmail.com', 0x3a3a3100000000000000000000000000, '2020-06-09 12:08:49', NULL, 1),
(52, 'admin@gmail.com', 0x3a3a3100000000000000000000000000, '2020-06-09 12:09:24', NULL, 1),
(53, 'admin@gmail.com', 0x3a3a3100000000000000000000000000, '2020-06-09 12:18:59', NULL, 1),
(54, 'admin@gmail.com', 0x3a3a3100000000000000000000000000, '2020-06-09 12:19:02', NULL, 1),
(55, 'admin@gmail.com', 0x3a3a3100000000000000000000000000, '2020-06-09 12:19:12', NULL, 1),
(56, 'admin@gmail.com', 0x3a3a3100000000000000000000000000, '2020-06-09 12:20:32', NULL, 1),
(57, 'admin@gmail.com', 0x3a3a3100000000000000000000000000, '2020-06-09 13:34:09', NULL, 1),
(58, 'admin@gmail.com', 0x3a3a3100000000000000000000000000, '2020-06-09 13:59:16', NULL, 1),
(59, 'admin@gmail.com', 0x3a3a3100000000000000000000000000, '2020-06-09 13:59:26', NULL, 1),
(60, 'admin@gmail.com', 0x3a3a3100000000000000000000000000, '2020-06-09 13:59:58', NULL, 1),
(61, 'admin@gmail.com', 0x3a3a3100000000000000000000000000, '2020-06-09 14:08:40', NULL, 1),
(62, 'admin@gmail.com', 0x3a3a3100000000000000000000000000, '2020-06-09 14:36:21', NULL, 1),
(63, 'admin@gmail.com', 0x3a3a3100000000000000000000000000, '2020-06-10 07:02:16', NULL, 1),
(64, 'admin@gmail.com', 0x3a3a3100000000000000000000000000, '2020-06-10 07:38:55', NULL, 1),
(65, 'admin1@gmail.com', 0x3a3a3100000000000000000000000000, '2020-06-10 07:39:48', NULL, 1),
(66, 'admin@gmail.com', 0x3a3a3100000000000000000000000000, '2020-06-10 09:44:47', NULL, 1),
(67, 'adminessss@gmail.com', 0x3a3a3100000000000000000000000000, '2020-06-10 09:57:28', NULL, 1),
(68, 'admin@gmail.com', 0x3a3a3100000000000000000000000000, '2020-06-10 09:57:57', NULL, 1),
(69, 'admin1@gmail.com', 0x3a3a3100000000000000000000000000, '2020-06-10 09:58:14', NULL, 1),
(70, 'adminessss@gmail.com', 0x3a3a3100000000000000000000000000, '2020-06-10 09:58:24', NULL, 1),
(71, 'admin@gmail.com', 0x3a3a3100000000000000000000000000, '2020-06-10 09:58:34', NULL, 1),
(72, 'admin@gmail.com', 0x3a3a3100000000000000000000000000, '2020-06-10 09:58:44', NULL, 1),
(73, 'admin@gmail.com', 0x3a3a3100000000000000000000000000, '2020-06-10 10:12:33', NULL, 1),
(74, 'admin@gmail.com', 0x3a3a3100000000000000000000000000, '2020-06-10 10:15:39', NULL, 1),
(75, 'admin@gmail.com', 0x3a3a3100000000000000000000000000, '2020-06-10 10:24:35', NULL, 1),
(76, 'admin@gmail.com', 0x3a3a3100000000000000000000000000, '2020-06-10 10:49:01', NULL, 1),
(77, 'admin@gmail.com', 0x3a3a3100000000000000000000000000, '2020-06-10 11:47:32', NULL, 1),
(78, 'admin@gmail.com', 0x3a3a3100000000000000000000000000, '2020-06-10 12:02:24', NULL, 1),
(79, 'admin@gmail.com', 0x3a3a3100000000000000000000000000, '2020-06-10 12:04:14', NULL, 1),
(80, 'admin123@gmail.com', 0x3a3a3100000000000000000000000000, '2020-06-10 12:21:58', NULL, 1),
(81, 'admin@gmail.com', 0x3a3a3100000000000000000000000000, '2020-06-10 12:23:41', NULL, 1),
(82, 'admin1234@gmail.com', 0x3a3a3100000000000000000000000000, '2020-06-10 12:24:58', NULL, 0),
(83, 'admin1234@gmail.com', 0x3a3a3100000000000000000000000000, '2020-06-10 12:25:07', NULL, 1),
(84, 'admin12@gmail.com', 0x3a3a3100000000000000000000000000, '2020-06-10 12:42:37', NULL, 1),
(85, 'admin1212@gmail.com', 0x3a3a3100000000000000000000000000, '2020-06-10 12:50:59', NULL, 1),
(86, 'admin@gmail.com', 0x3a3a3100000000000000000000000000, '2020-06-11 07:27:43', NULL, 1),
(87, 'admin@gmail.com', 0x3a3a3100000000000000000000000000, '2020-06-11 10:16:41', NULL, 1),
(88, 'admin123@gmail.com', 0x3a3a3100000000000000000000000000, '2020-06-11 11:42:55', NULL, 1),
(89, 'admin@gmail.com', 0x3a3a3100000000000000000000000000, '2020-06-11 17:41:20', NULL, 1),
(90, 'admin@gmail.com', 0x3a3a3100000000000000000000000000, '2020-06-12 06:13:09', NULL, 1),
(91, 'admin@gmail.com', 0x3a3a3100000000000000000000000000, '2020-06-12 06:39:52', NULL, 1),
(92, 'admin@gmail.com', 0x3a3a3100000000000000000000000000, '2020-06-12 06:40:32', NULL, 1),
(93, 'admin@gmail.com', 0x3a3a3100000000000000000000000000, '2020-06-12 06:42:38', NULL, 1),
(94, 'admin@gmail.com', 0x3a3a3100000000000000000000000000, '2020-06-12 06:43:42', NULL, 1),
(95, 'admin@gmail.com', 0x3a3a3100000000000000000000000000, '2020-06-12 06:51:23', NULL, 1),
(96, 'admin@gmail.com', 0x3a3a3100000000000000000000000000, '2020-06-12 08:38:03', NULL, 1),
(97, 'admin@gmail.com', 0x3a3a3100000000000000000000000000, '2020-06-12 09:46:55', NULL, 1),
(98, 'admin@gmail.com', 0x3a3a3100000000000000000000000000, '2020-06-12 16:09:35', NULL, 1),
(99, 'admin@gmail.com', 0x3a3a3100000000000000000000000000, '2020-06-12 16:23:42', NULL, 1),
(100, 'admin@gmail.com', 0x3a3a3100000000000000000000000000, '2020-06-12 16:45:02', NULL, 1),
(101, 'admin@gmail.com', 0x3a3a3100000000000000000000000000, '2020-06-12 16:45:42', NULL, 0),
(102, 'admin@gmail.com', 0x3a3a3100000000000000000000000000, '2020-06-12 16:45:54', NULL, 1),
(103, 'admin@gmail.com', 0x3a3a3100000000000000000000000000, '2020-06-12 16:53:54', NULL, 1),
(104, 'admin@gmail.com', 0x3a3a3100000000000000000000000000, '2020-06-12 16:55:23', NULL, 1),
(105, 'admin@gmail.com', 0x3a3a3100000000000000000000000000, '2020-06-12 17:19:11', NULL, 1),
(106, 'admin@gmail.com', 0x3a3a3100000000000000000000000000, '2020-06-12 17:35:38', NULL, 1),
(107, 'admin@gmail.com', 0x3a3a3100000000000000000000000000, '2020-06-12 17:48:29', NULL, 1),
(108, 'admin@gmail.com', 0x3a3a3100000000000000000000000000, '2020-06-12 17:55:49', NULL, 1),
(109, 'admin@gmail.com', 0x3a3a3100000000000000000000000000, '2020-06-12 18:06:03', NULL, 1),
(110, 'admin@gmail.com', 0x3a3a3100000000000000000000000000, '2020-06-13 06:25:32', NULL, 1),
(111, 'admin@gmail.com', 0x3a3a3100000000000000000000000000, '2020-06-13 06:31:15', NULL, 1),
(112, 'admin@gmail.com', 0x3a3a3100000000000000000000000000, '2020-06-13 06:35:13', NULL, 1),
(113, 'admin@gmail.com', 0x3a3a3100000000000000000000000000, '2020-06-13 06:36:46', NULL, 1),
(114, 'admin@gmail.com', 0x3a3a3100000000000000000000000000, '2020-06-13 06:39:42', NULL, 1),
(115, 'admin@gmail.com', 0x3a3a3100000000000000000000000000, '2020-06-13 06:40:11', NULL, 1),
(116, 'admin@gmail.com', 0x3a3a3100000000000000000000000000, '2020-06-13 06:42:29', NULL, 1),
(117, 'admin@gmail.com', 0x3a3a3100000000000000000000000000, '2020-06-13 07:08:30', NULL, 1),
(118, 'admin@gmail.com', 0x3a3a3100000000000000000000000000, '2020-06-14 13:38:49', NULL, 1),
(119, 'admin1@gmail.com', 0x3a3a3100000000000000000000000000, '2020-06-14 14:47:38', NULL, 0),
(120, 'admin1@gmail.com', 0x3a3a3100000000000000000000000000, '2020-06-14 14:47:40', NULL, 0),
(121, 'admin@gmail.com', 0x3a3a3100000000000000000000000000, '2020-06-14 14:47:49', NULL, 1),
(122, 'admin1@gmail.com', 0x3a3a3100000000000000000000000000, '2020-06-14 15:04:22', NULL, 1),
(123, 'admin1@gmail.com', 0x3a3a3100000000000000000000000000, '2020-06-15 16:35:47', NULL, 1),
(124, 'admin@gmail.com', 0x3a3a3100000000000000000000000000, '2020-06-15 17:38:34', NULL, 1),
(125, 'admin@gmail.com', 0x3a3a3100000000000000000000000000, '2020-06-15 17:43:26', NULL, 1),
(126, 'admin@gmail.com', 0x3a3a3100000000000000000000000000, '2020-06-15 17:48:34', NULL, 1),
(127, 'admin@gmail.com', 0x3a3a3100000000000000000000000000, '2020-06-16 16:32:22', NULL, 1),
(128, 'admin@gmail.com', 0x3a3a3100000000000000000000000000, '2020-06-16 16:33:15', NULL, 1),
(129, 'admin@gmail.com', 0x3a3a3100000000000000000000000000, '2020-06-16 19:36:37', NULL, 1),
(130, 'admin@gmail.com', 0x3a3a3100000000000000000000000000, '2020-06-16 19:50:45', NULL, 1),
(131, 'admin@gmail.com', 0x3a3a3100000000000000000000000000, '2020-06-16 19:59:46', NULL, 1),
(132, 'admin@gmail.com', 0x3a3a3100000000000000000000000000, '2020-06-20 07:14:13', NULL, 1),
(133, 'admin@gmail.com', 0x3a3a3100000000000000000000000000, '2020-06-20 07:15:25', NULL, 1),
(134, 'admin@gmail.com', 0x3a3a3100000000000000000000000000, '2020-06-20 07:15:30', NULL, 1),
(135, 'admin@gmail.com', 0x3a3a3100000000000000000000000000, '2020-06-20 12:49:07', NULL, 1),
(136, 'admin@gmail.com', 0x3a3a3100000000000000000000000000, '2020-06-20 12:49:57', NULL, 1),
(137, 'admin@gmail.com', 0x3a3a3100000000000000000000000000, '2020-06-20 12:50:13', NULL, 1),
(138, 'admin@gmail.com', 0x3a3a3100000000000000000000000000, '2020-06-20 13:03:21', NULL, 1),
(139, 'admin@gmail.com', 0x3a3a3100000000000000000000000000, '2020-06-20 13:50:45', NULL, 1),
(140, 'admin@gmail.com', 0x3a3a3100000000000000000000000000, '2020-06-20 13:50:56', NULL, 1),
(141, 'admin@gmail.com', 0x3a3a3100000000000000000000000000, '2020-06-20 13:51:03', NULL, 1),
(142, 'admin@gmail.com', 0x3a3a3100000000000000000000000000, '2020-06-20 13:51:16', NULL, 1),
(143, 'admin1@gmail.com', 0x3a3a3100000000000000000000000000, '2020-06-20 14:48:02', NULL, 1),
(144, 'admin@gmail.com', 0x3a3a3100000000000000000000000000, '2020-06-20 14:48:30', NULL, 1),
(145, 'admin@gmail.com', 0x3a3a3100000000000000000000000000, '2020-06-21 09:58:39', NULL, 1),
(146, 'admin@gmail.com', 0x3a3a3100000000000000000000000000, '2020-06-22 06:24:18', NULL, 1),
(147, 'admin@gmail.com', 0x3a3a3100000000000000000000000000, '2020-06-22 18:47:43', NULL, 1),
(148, 'admin@gmail.com', 0x3a3a3100000000000000000000000000, '2020-06-23 11:31:35', NULL, 1),
(149, 'admin@gmail.com', 0x3a3a3100000000000000000000000000, '2020-06-23 18:59:40', NULL, 1),
(150, 'admin@gmail.com', 0x3a3a3100000000000000000000000000, '2020-06-26 16:43:26', NULL, 1),
(151, 'admin@gmail.com', 0x3a3a3100000000000000000000000000, '2020-06-27 14:12:13', NULL, 1),
(152, 'admin@gmail.com', 0x3a3a3100000000000000000000000000, '2020-06-30 05:23:50', NULL, 1),
(153, 'admin@gmail.com', 0x3a3a3100000000000000000000000000, '2020-06-30 05:50:56', NULL, 1),
(154, 'admin@gmail.com', 0x3a3a3100000000000000000000000000, '2020-07-01 08:53:34', NULL, 1),
(155, 'admin1@gmail.com', 0x3a3a3100000000000000000000000000, '2020-07-01 10:52:18', NULL, 1),
(156, 'admin@gmail.com', 0x3a3a3100000000000000000000000000, '2020-07-01 10:52:33', NULL, 1),
(157, 'admin@gmail.com', 0x3a3a3100000000000000000000000000, '2020-07-01 11:20:44', NULL, 1),
(158, 'admin@gmail.com', 0x3a3a3100000000000000000000000000, '2020-07-01 11:22:07', NULL, 1),
(159, 'admin@gmail.com', 0x3a3a3100000000000000000000000000, '2020-07-01 11:23:46', NULL, 1),
(160, 'admin@gmail.com', 0x3a3a3100000000000000000000000000, '2020-07-01 11:23:48', NULL, 1),
(161, 'admin@gmail.com', 0x3a3a3100000000000000000000000000, '2020-07-01 11:24:29', NULL, 1),
(162, 'admin@gmail.com', 0x3a3a3100000000000000000000000000, '2020-07-01 11:35:31', NULL, 1),
(163, 'admin@gmail.com', 0x3a3a3100000000000000000000000000, '2020-07-01 11:44:36', NULL, 1),
(164, 'admin@gmail.com', 0x3a3a3100000000000000000000000000, '2020-07-01 11:46:17', NULL, 1),
(165, 'admin@gmail.com', 0x3a3a3100000000000000000000000000, '2020-07-01 14:46:27', NULL, 1),
(166, 'admin@gmail.com', 0x3a3a3100000000000000000000000000, '2020-07-01 14:46:29', NULL, 1),
(167, 'admin@gmail.com', 0x3a3a3100000000000000000000000000, '2020-07-02 14:02:26', NULL, 1),
(168, 'admin@gmail.com', 0x3a3a3100000000000000000000000000, '2020-07-02 14:02:28', NULL, 1),
(169, 'admin@gmail.com', 0x3a3a3100000000000000000000000000, '2020-07-06 12:54:32', NULL, 1),
(170, 'adminnnn@gmail.com', 0x3a3a3100000000000000000000000000, '2020-07-06 12:54:58', NULL, 0),
(171, 'admin@gmail.com', 0x3a3a3100000000000000000000000000, '2020-07-06 12:55:01', NULL, 1),
(172, 'admin@gmail.com', 0x3a3a3100000000000000000000000000, '2020-07-06 12:55:16', NULL, 1),
(173, 'admin@gmail.com', 0x3a3a3100000000000000000000000000, '2020-07-08 08:56:02', NULL, 1),
(174, 'admin@gmail.com', 0x3a3a3100000000000000000000000000, '2020-07-08 08:56:16', NULL, 1),
(175, 'admin@gmail.com', 0x3a3a3100000000000000000000000000, '2020-08-27 06:36:26', NULL, 1),
(176, 'admin@gmail.com', 0x3a3a3100000000000000000000000000, '2020-08-27 08:45:43', NULL, 1),
(177, 'admin@gmail.com', 0x3a3a3100000000000000000000000000, '2020-08-27 14:40:19', NULL, 1),
(178, 'admin@gmail.com', 0x3a3a3100000000000000000000000000, '2020-08-27 14:41:26', NULL, 1),
(179, 'admin@gmail.com', 0x3a3a3100000000000000000000000000, '2020-08-27 15:00:12', NULL, 1),
(180, 'admin@gmail.com', 0x3a3a3100000000000000000000000000, '2020-08-28 12:32:51', NULL, 1),
(181, 'admin@gmail.com', 0x3a3a3100000000000000000000000000, '2020-08-28 15:01:56', NULL, 1),
(182, 'admin@gmail.com', 0x3a3a3100000000000000000000000000, '2020-08-31 09:33:25', NULL, 1),
(183, 'admin@gmail.com', 0x3a3a3100000000000000000000000000, '2020-09-01 12:26:52', NULL, 1),
(184, 'admin@gmail.com', 0x3a3a3100000000000000000000000000, '2020-09-02 05:38:42', NULL, 1),
(185, 'admin@gmail.com', 0x3a3a3100000000000000000000000000, '2020-09-02 08:40:51', NULL, 1),
(186, 'admin@gmail.com', 0x3a3a3100000000000000000000000000, '2020-09-02 10:32:26', NULL, 1),
(187, 'admin@gmail.com', 0x3a3a3100000000000000000000000000, '2020-09-02 11:08:32', NULL, 1),
(188, 'admin1@gmail.com', 0x3a3a3100000000000000000000000000, '2020-09-02 15:41:50', NULL, 1),
(189, 'adminbbb@gmail.com', 0x3a3a3100000000000000000000000000, '2020-09-02 15:42:04', NULL, 0),
(190, 'admin123@gmail.com', 0x3a3a3100000000000000000000000000, '2020-09-02 15:42:08', NULL, 1),
(191, 'admin1@gmail.com', 0x3a3a3100000000000000000000000000, '2020-09-03 10:58:35', NULL, 1),
(192, 'admin@gmail.com', 0x3a3a3100000000000000000000000000, '2020-09-03 10:58:59', NULL, 1);

-- --------------------------------------------------------

--
-- Tablo için tablo yapısı `users`
--

CREATE TABLE `users` (
  `id` int(11) NOT NULL,
  `name` varchar(255) DEFAULT NULL,
  `email` varchar(255) DEFAULT NULL,
  `usersCredit` int(11) DEFAULT NULL,
  `contactno` bigint(11) DEFAULT NULL,
  `password` varchar(255) DEFAULT NULL,
  `shippingAddress` longtext DEFAULT NULL,
  `shippingState` varchar(255) DEFAULT NULL,
  `shippingCity` varchar(255) DEFAULT NULL,
  `shippingPincode` int(11) DEFAULT NULL,
  `billingAddress` longtext DEFAULT NULL,
  `billingState` varchar(255) DEFAULT NULL,
  `billingCity` varchar(255) DEFAULT NULL,
  `billingPincode` int(11) DEFAULT NULL,
  `regDate` timestamp NOT NULL DEFAULT current_timestamp(),
  `updationDate` varchar(255) DEFAULT NULL
) ENGINE=InnoDB DEFAULT CHARSET=latin1;

--
-- Tablo döküm verisi `users`
--

INSERT INTO `users` (`id`, `name`, `email`, `usersCredit`, `contactno`, `password`, `shippingAddress`, `shippingState`, `shippingCity`, `shippingPincode`, `billingAddress`, `billingState`, `billingCity`, `billingPincode`, `regDate`, `updationDate`) VALUES
(4, 'es yu', 'admin@gmail.com', 2, 5432134567, 'c4ca4238a0b923820dcc509a6f75849b', NULL, NULL, NULL, NULL, NULL, NULL, NULL, NULL, '2020-06-08 09:02:37', NULL),
(13, 'es yu', 'admin123@gmail.com', 2, 5432134567, 'c4ca4238a0b923820dcc509a6f75849b', NULL, NULL, NULL, NULL, NULL, NULL, NULL, NULL, '2020-06-11 11:42:46', NULL),
(14, 'esma', 'admin1@gmail.com', 8, 5432134567, 'c4ca4238a0b923820dcc509a6f75849b', NULL, NULL, NULL, NULL, NULL, NULL, NULL, NULL, '2020-06-14 15:04:19', NULL);

-- --------------------------------------------------------

--
-- Tablo için tablo yapısı `wishlist`
--

CREATE TABLE `wishlist` (
  `id` int(11) NOT NULL,
  `userId` int(11) DEFAULT NULL,
  `productId` int(11) DEFAULT NULL,
  `postingDate` timestamp NOT NULL DEFAULT current_timestamp()
) ENGINE=InnoDB DEFAULT CHARSET=latin1;

--
-- Tablo döküm verisi `wishlist`
--

INSERT INTO `wishlist` (`id`, `userId`, `productId`, `postingDate`) VALUES
(2, 5, 21, '2020-06-09 12:07:09'),
(6, 1, 31, '2020-06-10 11:40:35'),
(7, 8, 33, '2020-06-10 12:23:05'),
(11, 4, 36, '2020-06-12 07:57:27'),
(13, 4, 62, '2020-06-12 17:20:43'),
(15, 4, 76, '2020-06-14 15:03:41'),
(16, 14, 76, '2020-06-14 15:07:02'),
(17, 4, 84, '2020-06-15 17:48:52'),
(18, 4, 83, '2020-06-15 17:49:20'),
(20, 13, 89, '2020-06-16 19:12:21'),
(25, 13, 0, '2020-06-29 15:33:42'),
(26, 13, 0, '2020-06-29 15:34:08'),
(27, 13, 0, '2020-06-29 15:37:24'),
(28, 13, 0, '2020-06-29 15:40:47'),
(29, 4, 0, '2020-06-30 05:24:01'),
(30, 4, 0, '2020-06-30 05:24:19'),
(31, 4, 0, '2020-06-30 05:24:32'),
(32, 4, 0, '2020-06-30 05:33:45'),
(37, 4, 108, '2020-07-01 11:24:11'),
(38, 12, 106, '2020-07-07 12:23:34'),
(39, 13, 106, '2020-07-07 13:07:32'),
(40, 13, 115, '2020-07-08 09:13:07');

--
-- Dökümü yapılmış tablolar için indeksler
--

--
-- Tablo için indeksler `admin`
--
ALTER TABLE `admin`
  ADD PRIMARY KEY (`id`);

--
-- Tablo için indeksler `category`
--
ALTER TABLE `category`
  ADD PRIMARY KEY (`id`);

--
-- Tablo için indeksler `cuserlog`
--
ALTER TABLE `cuserlog`
  ADD PRIMARY KEY (`id`);

--
-- Tablo için indeksler `cusers`
--
ALTER TABLE `cusers`
  ADD PRIMARY KEY (`id`);

--
-- Tablo için indeksler `productreviews`
--
ALTER TABLE `productreviews`
  ADD PRIMARY KEY (`id`);

--
-- Tablo için indeksler `products`
--
ALTER TABLE `products`
  ADD PRIMARY KEY (`id`);

--
-- Tablo için indeksler `subcategory`
--
ALTER TABLE `subcategory`
  ADD PRIMARY KEY (`id`);

--
-- Tablo için indeksler `userlog`
--
ALTER TABLE `userlog`
  ADD PRIMARY KEY (`id`);

--
-- Tablo için indeksler `users`
--
ALTER TABLE `users`
  ADD PRIMARY KEY (`id`);

--
-- Tablo için indeksler `wishlist`
--
ALTER TABLE `wishlist`
  ADD PRIMARY KEY (`id`);

--
-- Dökümü yapılmış tablolar için AUTO_INCREMENT değeri
--

--
-- Tablo için AUTO_INCREMENT değeri `admin`
--
ALTER TABLE `admin`
  MODIFY `id` int(11) NOT NULL AUTO_INCREMENT, AUTO_INCREMENT=2;

--
-- Tablo için AUTO_INCREMENT değeri `category`
--
ALTER TABLE `category`
  MODIFY `id` int(11) NOT NULL AUTO_INCREMENT, AUTO_INCREMENT=59;

--
-- Tablo için AUTO_INCREMENT değeri `cuserlog`
--
ALTER TABLE `cuserlog`
  MODIFY `id` int(11) NOT NULL AUTO_INCREMENT, AUTO_INCREMENT=205;

--
-- Tablo için AUTO_INCREMENT değeri `cusers`
--
ALTER TABLE `cusers`
  MODIFY `id` int(11) NOT NULL AUTO_INCREMENT, AUTO_INCREMENT=15;

--
-- Tablo için AUTO_INCREMENT değeri `productreviews`
--
ALTER TABLE `productreviews`
  MODIFY `id` int(11) NOT NULL AUTO_INCREMENT, AUTO_INCREMENT=8;

--
-- Tablo için AUTO_INCREMENT değeri `products`
--
ALTER TABLE `products`
  MODIFY `id` int(11) NOT NULL AUTO_INCREMENT, AUTO_INCREMENT=118;

--
-- Tablo için AUTO_INCREMENT değeri `subcategory`
--
ALTER TABLE `subcategory`
  MODIFY `id` int(11) NOT NULL AUTO_INCREMENT, AUTO_INCREMENT=51;

--
-- Tablo için AUTO_INCREMENT değeri `userlog`
--
ALTER TABLE `userlog`
  MODIFY `id` int(11) NOT NULL AUTO_INCREMENT, AUTO_INCREMENT=193;

--
-- Tablo için AUTO_INCREMENT değeri `users`
--
ALTER TABLE `users`
  MODIFY `id` int(11) NOT NULL AUTO_INCREMENT, AUTO_INCREMENT=17;

--
-- Tablo için AUTO_INCREMENT değeri `wishlist`
--
ALTER TABLE `wishlist`
  MODIFY `id` int(11) NOT NULL AUTO_INCREMENT, AUTO_INCREMENT=41;
COMMIT;

/*!40101 SET CHARACTER_SET_CLIENT=@OLD_CHARACTER_SET_CLIENT */;
/*!40101 SET CHARACTER_SET_RESULTS=@OLD_CHARACTER_SET_RESULTS */;
/*!40101 SET COLLATION_CONNECTION=@OLD_COLLATION_CONNECTION */;
